{
  "objective_metrics": [
    {
      "model": "Transformer (before RLHF)",
      "num_samples": 10,
      "density": 0.1722005195915699,
      "empty_step_ratio": 0.2263671875,
      "repetition_ratio": 0.03125,
      "diversity_pairwise": 0.22000868055555556,
      "predicted_reward_z": 0.0
    },
    {
      "model": "RLHF-tuned Transformer",
      "num_samples": 10,
      "density": 0.19495442733168603,
      "empty_step_ratio": 0.2876953125,
      "repetition_ratio": 0.04375,
      "diversity_pairwise": 0.24614438657407411,
      "predicted_reward_z": 2.91822795415972
    }
  ],
  "pre_rlhf_human_summary": {
    "participants": 10,
    "samples": 10,
    "mean_groove": 3.93,
    "mean_coherence": 3.6,
    "mean_variety": 3.05,
    "mean_raw_reward": 3.526666666666667
  }
}