{
  "0": [
    [
      0.8717948717948718,
      0.1282051282051282
    ],
    [
      0.6666666666666666,
      0.3333333333333333
    ]
  ],
  "1": [
    [
      0.7906976744186046,
      0.20930232558139536
    ],
    [
      0.8181818181818182,
      0.18181818181818182
    ]
  ],
  "2": [
    [
      0.9183673469387755,
      0.08163265306122448
    ],
    [
      0.8,
      0.2
    ]
  ],
  "3": [
    [
      0.7567567567567568,
      0.24324324324324326
    ],
    [
      0.6470588235294118,
      0.35294117647058826
    ]
  ],
  "4": [
    [
      0.8444444444444444,
      0.15555555555555556
    ],
    [
      0.7777777777777778,
      0.2222222222222222
    ]
  ],
  "5": [
    [
      0.8478260869565217,
      0.15217391304347827
    ],
    [
      0.75,
      0.25
    ]
  ],
  "6": [
    [
      0.8222222222222222,
      0.17777777777777778
    ],
    [
      0.7777777777777778,
      0.2222222222222222
    ]
  ],
  "7": [
    [
      0.7692307692307693,
      0.23076923076923078
    ],
    [
      0.8,
      0.2
    ]
  ],
  "8": [
    [
      0.7906976744186046,
      0.20930232558139536
    ],
    [
      0.7272727272727273,
      0.2727272727272727
    ]
  ],
  "9": [
    [
      0.8333333333333334,
      0.16666666666666666
    ],
    [
      0.7222222222222222,
      0.2777777777777778
    ]
  ],
  "10": [
    [
      0.8936170212765957,
      0.10638297872340426
    ],
    [
      0.8571428571428571,
      0.14285714285714285
    ]
  ],
  "11": [
    [
      0.6842105263157895,
      0.3157894736842105
    ],
    [
      0.625,
      0.375
    ]
  ],
  "12": [
    [
      0.8636363636363636,
      0.13636363636363635
    ],
    [
      0.8,
      0.2
    ]
  ],
  "13": [
    [
      0.7142857142857143,
      0.2857142857142857
    ],
    [
      0.8333333333333334,
      0.16666666666666666
    ]
  ],
  "14": [
    [
      0.8409090909090909,
      0.1590909090909091
    ],
    [
      0.7,
      0.3
    ]
  ],
  "15": [
    [
      0.7428571428571429,
      0.2571428571428571
    ],
    [
      0.8421052631578947,
      0.15789473684210525
    ]
  ],
  "16": [
    [
      0.8888888888888888,
      0.1111111111111111
    ],
    [
      0.7777777777777778,
      0.2222222222222222
    ]
  ],
  "17": [
    [
      0.7435897435897436,
      0.2564102564102564
    ],
    [
      0.7333333333333333,
      0.26666666666666666
    ]
  ],
  "18": [
    [
      0.8888888888888888,
      0.1111111111111111
    ],
    [
      0.6666666666666666,
      0.3333333333333333
    ]
  ],
  "19": [
    [
      0.7894736842105263,
      0.21052631578947367
    ],
    [
      0.5625,
      0.4375
    ]
  ],
  "20": [
    [
      0.8444444444444444,
      0.15555555555555556
    ],
    [
      0.6666666666666666,
      0.3333333333333333
    ]
  ],
  "21": [
    [
      0.8181818181818182,
      0.18181818181818182
    ],
    [
      0.8,
      0.2
    ]
  ],
  "22": [
    [
      0.8444444444444444,
      0.15555555555555556
    ],
    [
      0.6666666666666666,
      0.3333333333333333
    ]
  ],
  "23": [
    [
      0.775,
      0.225
    ],
    [
      0.7857142857142857,
      0.21428571428571427
    ]
  ],
  "24": [
    [
      0.8095238095238095,
      0.19047619047619047
    ],
    [
      0.6666666666666666,
      0.3333333333333333
    ]
  ],
  "25": [
    [
      0.8,
      0.2
    ],
    [
      0.7894736842105263,
      0.21052631578947367
    ]
  ],
  "26": [
    [
      0.8936170212765957,
      0.10638297872340426
    ],
    [
      0.8571428571428571,
      0.14285714285714285
    ]
  ],
  "27": [
    [
      0.6857142857142857,
      0.3142857142857143
    ],
    [
      0.5789473684210527,
      0.42105263157894735
    ]
  ],
  "28": [
    [
      0.8478260869565217,
      0.15217391304347827
    ],
    [
      0.875,
      0.125
    ]
  ],
  "29": [
    [
      0.8723404255319149,
      0.1276595744680851
    ],
    [
      0.8571428571428571,
      0.14285714285714285
    ]
  ],
  "30": [
    [
      0.8181818181818182,
      0.18181818181818182
    ],
    [
      0.7,
      0.3
    ]
  ],
  "31": [
    [
      0.7241379310344828,
      0.27586206896551724
    ],
    [
      0.64,
      0.36
    ]
  ],
  "32": [
    [
      0.8666666666666667,
      0.13333333333333333
    ],
    [
      0.6666666666666666,
      0.3333333333333333
    ]
  ],
  "33": [
    [
      0.7368421052631579,
      0.2631578947368421
    ],
    [
      0.6875,
      0.3125
    ]
  ],
  "34": [
    [
      0.8695652173913043,
      0.13043478260869565
    ],
    [
      0.875,
      0.125
    ]
  ],
  "35": [
    [
      0.7714285714285715,
      0.22857142857142856
    ],
    [
      0.5263157894736842,
      0.47368421052631576
    ]
  ],
  "36": [
    [
      0.8,
      0.2
    ],
    [
      0.7777777777777778,
      0.2222222222222222
    ]
  ],
  "37": [
    [
      0.8478260869565217,
      0.15217391304347827
    ],
    [
      0.875,
      0.125
    ]
  ],
  "38": [
    [
      0.7954545454545454,
      0.20454545454545456
    ],
    [
      0.7,
      0.3
    ]
  ],
  "39": [
    [
      0.7368421052631579,
      0.2631578947368421
    ],
    [
      0.8125,
      0.1875
    ]
  ],
  "40": [
    [
      0.8571428571428571,
      0.14285714285714285
    ],
    [
      0.5833333333333334,
      0.4166666666666667
    ]
  ],
  "41": [
    [
      0.8055555555555556,
      0.19444444444444445
    ],
    [
      0.7777777777777778,
      0.2222222222222222
    ]
  ],
  "42": [
    [
      0.875,
      0.125
    ],
    [
      0.8333333333333334,
      0.16666666666666666
    ]
  ],
  "43": [
    [
      0.6756756756756757,
      0.32432432432432434
    ],
    [
      0.6470588235294118,
      0.35294117647058826
    ]
  ],
  "44": [
    [
      0.8936170212765957,
      0.10638297872340426
    ],
    [
      0.8571428571428571,
      0.14285714285714285
    ]
  ],
  "45": [
    [
      0.8181818181818182,
      0.18181818181818182
    ],
    [
      0.7,
      0.3
    ]
  ],
  "46": [
    [
      0.813953488372093,
      0.18604651162790697
    ],
    [
      0.7272727272727273,
      0.2727272727272727
    ]
  ],
  "47": [
    [
      0.696969696969697,
      0.30303030303030304
    ],
    [
      0.8095238095238095,
      0.19047619047619047
    ]
  ],
  "48": [
    [
      0.8444444444444444,
      0.15555555555555556
    ],
    [
      0.6666666666666666,
      0.3333333333333333
    ]
  ],
  "49": [
    [
      0.725,
      0.275
    ],
    [
      0.7857142857142857,
      0.21428571428571427
    ]
  ],
  "50": [
    [
      0.8913043478260869,
      0.10869565217391304
    ],
    [
      0.875,
      0.125
    ]
  ],
  "51": [
    [
      0.7837837837837838,
      0.21621621621621623
    ],
    [
      0.5294117647058824,
      0.47058823529411764
    ]
  ],
  "52": [
    [
      0.8478260869565217,
      0.15217391304347827
    ],
    [
      0.875,
      0.125
    ]
  ],
  "53": [
    [
      0.7954545454545454,
      0.20454545454545456
    ],
    [
      0.8,
      0.2
    ]
  ],
  "54": [
    [
      0.8181818181818182,
      0.18181818181818182
    ],
    [
      0.7,
      0.3
    ]
  ],
  "55": [
    [
      0.7857142857142857,
      0.21428571428571427
    ],
    [
      0.8333333333333334,
      0.16666666666666666
    ]
  ],
  "56": [
    [
      0.9047619047619048,
      0.09523809523809523
    ],
    [
      0.5833333333333334,
      0.4166666666666667
    ]
  ],
  "57": [
    [
      0.7,
      0.3
    ],
    [
      0.6666666666666666,
      0.3333333333333333
    ]
  ],
  "58": [
    [
      0.9183673469387755,
      0.08163265306122448
    ],
    [
      0.8,
      0.2
    ]
  ],
  "59": [
    [
      0.6756756756756757,
      0.32432432432432434
    ],
    [
      0.5882352941176471,
      0.4117647058823529
    ]
  ],
  "60": [
    [
      0.8666666666666667,
      0.13333333333333333
    ],
    [
      0.8888888888888888,
      0.1111111111111111
    ]
  ],