{
  "epochs": 200,
  "batch_size": 8,
  "learning_rate": 0.001,
  "beta": 0.001,
  "final_total_loss": 0.34606680274009705,
  "final_recon_loss": 0.3456922471523285,
  "final_kl_loss": 0.37456247210502625
}